"Timestamp","The linter makes it easier meet the code standard.","The linter saved me time meeting the code standard.","The linter effectively checks whether my code meets the standard.","The linter helps improve the quality of my code.","The linter helps me catch bugs in my code.","The linter makes my code more readable.","The Code Standard is well defined.","I can meet the code standard without extra effort.","Following the code standard improves my code quality.","I will continue to use the Code Standard in future C programming after this course.","What changes, if any, should be made to the Linter?","What feedback, if any, do you have concerning the Code Standard?","Are you in favor of having a code standard in other courses? Why or why not?","Any other feedback:"
"2020/12/02 2:49:58 PM EST","Strongly Agree","Strongly Agree","Neutral","Strongly Agree","Disagree","Agree","Agree","Disagree","Agree","Agree","","","",""
"2020/12/02 3:11:37 PM EST","Agree","Strongly Agree","Neutral","Agree","Disagree","Agree","Agree","Agree","Agree","Agree","","","",""
"2020/12/02 3:26:20 PM EST","Agree","Strongly Agree","Agree","Agree","Disagree","Agree","Agree","Disagree","Agree","Neutral","There were sometimes minor bugs (saying variables were of the wrong type etc) and it would be nice to check for correct initializations of other things besides ints.","All completely reasonable, but many times variable names were graded way too harshly. There were names that I thought were completely reasonable and descriptive and I would still lose points for them but good other than that.","Yes, I think it promotes good coding practice and readable code",""
"2020/12/02 3:32:51 PM EST","Strongly Agree","Strongly Agree","Strongly Agree","Disagree","Disagree","Agree","Agree","Disagree","Agree","Disagree","","","No",""
"2020/12/02 4:11:04 PM EST","Strongly Agree","Strongly Agree","Agree","Agree","Neutral","Agree","Agree","Agree","Agree","Agree","","","",""
"2020/12/02 4:21:11 PM EST","Strongly Agree","Strongly Agree","Strongly Disagree","Agree","Disagree","Agree","Disagree","Disagree","Agree","Neutral","","Even though the code standard helps improve readability of code, it is excessively strict. An important part of my grade has been lowered by it, even dedicating time to it. The space between comments, space between include files, the variable names are things that I would personally change. What bothered me the most was not being able to comment the code as id like to. (with // or spaced out as i want).","yes, because it improves quality of code.",""
"2020/12/02 5:30:22 PM EST","Strongly Agree","Strongly Agree","Strongly Agree","Strongly Agree","Neutral","Strongly Agree","Agree","Disagree","Agree","Strongly Agree","n/a","n/a","Yes. I've seen some of my friend's code from other schools and their formatting is so awful I could barely even read it (he put all of his brackets in its own line)","Although it docks points off, I think grading the code standard is necessary. I do however, feel like it should be worth less points. For each homework it was worth about 16%, and I think that should move down to about 5%"
"2020/12/02 5:33:44 PM EST","Agree","Strongly Agree","Neutral","Strongly Agree","Strongly Disagree","Agree","Disagree","Strongly Disagree","Strongly Agree","Neutral","","","",""
"2020/12/02 5:51:42 PM EST","Strongly Agree","Strongly Agree","Strongly Agree","Agree","Neutral","Strongly Agree","Strongly Agree","Neutral","Agree","Agree","","","",""
"2020/12/02 6:01:37 PM EST","Neutral","Neutral","Strongly Disagree","Agree","Agree","Agree","Disagree","Strongly Disagree","Disagree","Agree","None. It is well made","Sometimes the grading on coding standard is a little too strict to a point where you question why you lost points. Ex: int temp is too vague of a variable name although it very much makes sense in the scheme of things in the code.","I am in favor of having a concept of code standard but not being penalized so heavily for not meeting every requirement to the point.","Just slightly more reasonable grading on certain aspects of the coding standard."
"2020/12/02 7:05:58 PM EST","Agree","Agree","Strongly Disagree","Strongly Agree","Neutral","Strongly Agree","Disagree","Strongly Disagree","Agree","Strongly Agree","make it more effective, as in it check all the code standard mentioned in the code standard page","for the comment part, as long as it's readable and understandable, it should be passed","yes but not a complicated one that it takes 30 minutes to go back and forth between my code and the standard page trying to get full credit on code standard",""
"2020/12/02 7:56:29 PM EST","Strongly Disagree","Strongly Disagree","Strongly Disagree","Strongly Disagree","Strongly Disagree","Strongly Disagree","Disagree","Strongly Disagree","Strongly Disagree","Strongly Disagree","Have linter reflect gradescope code standard. Multiple instances of them not being equivalent.","Very arbitrary and is responsible for too much percentage of homework.","Yes, within reason. Its much too strict and goes greatly against someone's intial intentions for look and feel of code.","Please make it worth less"
"2020/12/02 9:05:16 PM EST","Agree","Agree","Disagree","Agree","Neutral","Agree","Agree","Neutral","Agree","Agree","Catch spacing before and after comments in code","","",""
"2020/12/02 9:09:28 PM EST","Strongly Agree","Strongly Agree","Strongly Agree","Strongly Agree","Agree","Agree","Strongly Agree","Agree","Strongly Agree","Strongly Agree","Everything is nice. It would be nice to have the linter check a bit more before we submit our assignments but its also understandable that we should be able to check for ourselves.","Code standard is very clear.","Yes. It tremendously helps us keep our code neat and readable in the future.","NA"
"2020/12/02 9:10:06 PM EST","Strongly Agree","Strongly Agree","Strongly Agree","Strongly Agree","Strongly Agree","Strongly Agree","Strongly Agree","Disagree","Strongly Agree","Strongly Agree","","Some things may seem silly at first, but it all really helps improve the quality of your code.","Definitely!  It ensures that you are writing quality code, and learning different standards brings other techniques into your wheelhouse for future personal use.",""
"2020/12/02 9:58:38 PM EST","Agree","Strongly Agree","Neutral","Agree","Neutral","Neutral","Disagree","Agree","Disagree","Neutral","Maybe it could compile the program as well before checking the coding standard to make sure there weren't any mistakes. It happened to me a couple of times where I would change the variable name or some spelling to adhere to coding standard, but there would be one line where the variable name wasn't updated and the program would fail to compile. (This would be much better with make submit command. For example, make submit fails if the program doesn't compile. No point in submitting programs that do not compile as they would receive a zero anyways.)","Too strict, and it is too detailed. It is also too subjective and focused on aesthetics rather than functionality. However, this may be an issue for me alone as this is my 4th coding course at Purdue and 5th cs course at Purdue. For example, descriptive names, scopes, the spacing between comments are some common coding standard violations for me, and I felt they were a bit subjective.","CS 180 and 177 were more lenient and easier to follow. They were still annoying, but at the same time they were worth so few points that it didn't matter. For example, 5% in 180 vs 16.67% in 240. ",""
"2020/12/02 11:09:40 PM EST","Agree","Agree","Disagree","Neutral","Strongly Disagree","Agree","Disagree","Strongly Disagree","Neutral","Strongly Disagree","","The Code Standard should be less strict and be worth little to no points.","No, because it adds an extra time to finish the assignments that does not help in the theoretical understanding of the material.","If the linter will be used to grade the code standard, it should grade all parts of the code standard. However, currently it does not grade our comments to see if they are valuable and explain the content well. Either somehow make the linter grade all parts of the code standard that is graded, or do not use the linter to determine part of the grade for the assignment."
"2020/12/03 2:01:33 AM EST","Strongly Agree","Strongly Agree","Agree","Neutral","Disagree","Agree","Disagree","Disagree","Agree","Agree","No clue","You guys should change the ""#include"" part of the code standard I lost points on it every time and I never knew what I was doing wrong. Also you should get rid on the embedded constants rule it's irritating ","Yes because it forces you to have easy to read code. and No because the code standard can be ridiculously strict and make you lose points for no reason",""
"2020/12/03 8:18:39 AM EST","Neutral","Agree","Neutral","Disagree","Strongly Disagree","Disagree","Strongly Disagree","Strongly Disagree","Strongly Disagree","Neutral","","","",""
"2020/12/03 11:44:40 AM EST","Strongly Agree","Strongly Agree","Strongly Agree","Agree","Neutral","Agree","Agree","Neutral","Agree","Agree","","","",""
"2020/12/03 12:27:08 PM EST","Neutral","Disagree","Strongly Disagree","Agree","Agree","Agree","Disagree","Strongly Disagree","Strongly Disagree","Disagree","Many of the things in the code standard are not even mentioned in the linter. For the first assignment I used the linter to check my code and I had read the Code Standard and After I fixed the few linter issues I corrected my code and submitted. I then got a code standard score of 12/20.","In grading, it must be consistent between TAs. If a TA tells me it is ok to use a variable name in Office Hours, I should NOT be marked down for that variable name for Descriptive Variable Names in the code standard. And if I request a regrade and explain that another TA explicitly told me to use those variable names there should at least be a consideration into fixing it. If you are going to be extremely picky about what qualifies as a valid variable name then there needs to be a set list of things such as, Do not use abbreviations and Do not use variables such as ""temp"". If this is not supposed to be a part of the standard then the TAs need to have a better understanding of what should qualify for this score deduction. 

Also if a regrade request is asked for, it would be nice if they were actually considered. I submitted many regrade requests this semester for things that I talked with some of my friends taking the class and they did not get marked down for something similar and all I got back was a No from my grader everytime. 

For reference I am a TA/Grader for a different CS class on campus so I know what to look for when reviewing code and code standards in terms of grading. This semester was not fair in terms of Code Standard and while my grade does not depend on those points, others might.","I believe a Code Standard can be a good thing IF it is clear and the grading is consistent AND fair",""
"2020/12/03 12:31:34 PM EST","Agree","Neutral","Strongly Disagree","Disagree","Strongly Disagree","Strongly Disagree","Strongly Disagree","Strongly Disagree","Disagree","Disagree","Tell me what I would actually get on code standard instead of lulling person into false sense of completion.","Stop taking points off because you don't like how one variable is named. Haven't gotten a single 20/20 on code standard due to extreme nitpicking.","No. Grader error.","Nothing wrong with well written code, but the code standard grading does not reward this. I agree with plenty of the basic code standard stuff, but plenty of rules makes code look much worse, less organized, or don't make any sense at all; code style should be handled on programmer to programmer basis, only docking points for ACTUAL bad coding."
"2020/12/03 3:07:08 PM EST","Strongly Agree","Strongly Agree","Agree","Strongly Agree","Strongly Disagree","Disagree","Strongly Disagree","Strongly Disagree","Neutral","Strongly Disagree","Linter sometimes have conflict with the code standard, but overall it was great and very useful.","Terms like ""Meaningful name"" and ""embedded constant"" are very subjective and is really confusing. I had a lot of cases where I think my name is meaningful but the reviewer think not, which is why I think we need to reinforce the definition of these terms, like if you have a comment of the usage of a variable, that variable's name shouldn't really matter much, or else using abbr in name could be a great trouble, as if not using abbr, the name can get too long; But if using the abbr, the others reviewing the codes might not know the meaning of these abbr. Like I said, it is very subjective, and it is actually happening even in many high-star projects on Github, so I think the name shouldn't really matter that much as long as there are doc provided.","Yes. No matter how, coding standard is still very important.","I think the coding standard shouldn't be to restricted, as different companies will have different coding standards. Like I do know a company's coding standard requires us to separate the line of brackets and statements, which is completly subjective on whether this is good or not. Coding standard should be more general, like separate variables and operators with space, set files to null after closing files. etc. These are all good coding standards. But anyway, this has been great. Thanks! "
"2020/12/03 4:31:13 PM EST","Strongly Agree","Strongly Agree","Agree","Agree","Agree","Strongly Agree","Strongly Agree","Agree","Strongly Agree","Strongly Agree","","","",""
"2020/12/03 7:30:53 PM EST","Strongly Agree","Strongly Agree","Agree","Strongly Agree","Strongly Agree","Neutral","Disagree","Strongly Disagree","Agree","Agree","","I think the professor should go over each and every thing in the code standard on the first day of class because then we know right from the start what he is looking for. Plus it is more clear than reading the handout and trying to make sense of it ourselves because we do not always interpret it correctly. Code standard was very confusing initially and many of us did poor on the first few homework assignments because of that. Finally, I think the coding standard for variable names was strict at times.","I think that having code standard is good for clarity but not for a grade unless the code is completely unreadable.",""
"2020/12/03 8:32:08 PM EST","Strongly Agree","Strongly Agree","Agree","Strongly Agree","Strongly Disagree","Agree","Agree","Disagree","Strongly Agree","Strongly Agree","Check for correct initialization of variables, ie. double x = 0 is bad, double x = 0.0 is good. I lost two points because of this. Argh!!!","Add more examples in the coding standard of good and bad code.","Yes. I think it ultimately helps us make readable code that others can use without much effort.","The coding standard is super long, and the linter doesn't catch everything. Could you possibly have a system where you won't miss the points for the first offense, but then you can afterwards? For example, if I forget to set a pointer to NULL after freeing it in three separate assignments, then I would lose points twice (in the last two assignments). If I know I'm gonna lose points for something, I'll make sure to fix it next time. I see no need to be penalized the first time by 2 points for something super tiny that I know I'll remember for the future."
"2020/12/03 9:38:13 PM EST","Agree","Agree","Agree","Agree","Disagree","Neutral","Agree","Agree","Agree","Agree","","","",""
"2020/12/03 10:49:46 PM EST","Agree","Agree","Neutral","Neutral","Disagree","Neutral","Neutral","Strongly Disagree","Disagree","Neutral","","","I think coding standards are important, but I feel that they are given too much importance in this class. I often find myself taking a lot more extra time in an effort to meet coding standards.",""
"2020/12/04 12:44:49 AM EST","Strongly Agree","Strongly Agree","Strongly Agree","Agree","Neutral","Agree","Agree","Strongly Disagree","Agree","Agree","","","",""
"2020/12/04 4:50:11 AM EST","Strongly Agree","Strongly Agree","Strongly Agree","Neutral","Neutral","Agree","Neutral","Disagree","Neutral","Strongly Disagree","perhaps the detection of not descriptive variable names. The most common variable names that aren't descriptive are single character variable names (like if I use 'a' or 'n' to represent something but its not so clear). Maybe linter could help me point that out. Usually i and j are used in loops, so I think that could be excluded. I can't really think of ways how a machine would catch a variable name that isn't descriptive, it'd be very tedious to do that.","Ah, I've learned to just deal with it. I think that as long as your code is readable, and it compiles, it should be fine. The specifics of having a space after an if () statement, or strictly having the indentation to be 2 spaces... a bit much, but I've gotten so used to it that it doesn't really bother me now. Rules are rules. ","I think that some discipline IS required when it comes to presenting your code in a readable way, but I don't think it should really be graded. Maybe a system where, if your code is neat and presentable, students get a little bonus, or if your code is more readable, you're more likely to get help from the TAs (it's true, nobody wants to help someone who writes very unreadable code). So yes, I do like some form of order with the code standard, but I think it should be flexible and just overall readable. ",""
"2020/12/04 8:11:14 AM EST","Agree","Strongly Agree","Disagree","Strongly Agree","Agree","Agree","Agree","Agree","Neutral","Agree","Linter does not detect some style errors. I understand naming conventions are hard to detect however that is not all that linter does not detect","","I am, it helps make code more readable and easier to debug",""
"2020/12/04 11:29:54 AM EST","Agree","Neutral","Disagree","Neutral","Agree","Agree","Neutral","Neutral","Disagree","Neutral","","","",""
"2020/12/04 11:45:25 AM EST","Agree","Agree","Disagree","Agree","Disagree","Agree","Agree","Agree","Agree","Agree","The Linter doesn't check everything for the code standard.","The code standard is a good thing to follow. Helps make my code more readable and easier to follow.","Yes. It gives us rules to follow so that our code is clean.",""
"2020/12/04 6:13:48 PM EST","Strongly Agree","Strongly Agree","Strongly Agree","Agree","Neutral","Agree","Agree","Agree","Agree","Agree","I think it would be nice if it could enforce the rule on comments being separated by a line from actual code, as I don't think it caught those mistakes.","I think it is good to write readable code, but I know I was always frustrated by it, especially the line length. Having to limit lines to 80 characters was difficult, especially with the other requirement that variables be descriptive - these two together, at least in my opinion, made my code less readable, as sometimes it would take me many many lines just to do one thing, especially with the other rule that function parameters must line up in the same column if lines have to be wrapped. I would prefer that either the line length be extended or the descriptive naming be less strictly enforced, as it made it hard to look back at the code when one scanf statement takes up 5 or 6 lines because I'm trying to be verbose in my variable names.","To a certain extent, yes.  I think it's important to write readable code, but I felt that some of the requirements were a bit strict and/or vague. There are obviously many styles of programming out there, and I think as long as the student writes something that's easily readable, it shouldn't matter which they choose.",""
"2020/12/05 12:36:38 AM EST","Agree","Agree","Agree","Neutral","Neutral","Agree","Agree","Strongly Agree","Agree","Neutral","","","",""
"2020/12/05 3:21:33 AM EST","Agree","Agree","Agree","Agree","Agree","Agree","Strongly Agree","Disagree","Strongly Agree","Agree","","","I really do beleive it improves the quality and readability (both hugely important) of cod, so yes",""
"2020/12/05 11:43:56 AM EST","Disagree","Disagree","Strongly Disagree","Disagree","Strongly Disagree","Neutral","Neutral","Disagree","Strongly Disagree","Strongly Disagree","There are multiple bugs in the parser, particularly regarding typedefs, which can cause it to fail prematurely. For example, ""typedef struct foo {} foo_t; foo_t *foo;"" will cause it to crash. The linter asks for users to submit bug reports, but doesn't indicate where to leave them.

Calls to file IO functions (fread, fprintf, etc) should check for unused return values, calls to ""clean up"" functions (free, fclose, etc) should check that the variable/symbol is set to NULL, and calls to ""initializing"" functions (fopen, malloc, etc) should check that the variable is checked for NULL (used in a boolean expression (&&, ||), by an if statement, or by an assert statement).

The linter should check for rule IX.E (using the matching types to assign 0/NULL to variables, i.e float foo = 0.0).","Rule IV.A should be relaxed so that the else statements can be placed after the closing brace, keeping with the style of most other C projects, such as the Linux kernel, OpenBSD, OpenRC, and other projects whose coding style is based on K&R's style.

Rule VI (multiple logical expressions) should be relaxed so that expressions only have to be wrapped in parentheses when multiple logical operators are used (&&, ||), since it introduces noise and doesn't notably improve specificity (we assume logical operators have lower precedence than other operators by default).
For example, the first expression below is more readable than the second expression.

if (foo == 1 && i < j)

if ((foo == 1) && (i < j))

Expressions with multiple logical expressions like those below would still be wrapped in parentheses for readability. For example, the first expression below is more readable than the second and third expressions.

if ((i < j && j < 10) || (j < i && i < 10))

if (i < j && j < 10 || j < i && i < 10)

if (((i < j) && (j < 10)) || ((j < i) && (i < 10)))



Rules IX.B and IX.C should be relaxed so that immediately returning is also valid if the variables are in local scope. Since the variable is local scope it can no longer be used once you return, and the NULL assignment is dead code which will even be compiled out with optimizations turned on (-O2 on clang and gcc both remove it). If a refactoring moves the variable into a larger scope and you're no longer sure where the variable is being initialized and released, then that is a symptom of control flow issues which should be addressed as part of the refactoring.



Rule XII.B is too restrictive, and leads to ""pseudo-uninitialized"" values. The default value of 0/NULL/etc has no meaning and can lead to many of the same errors as using uninitialized values, except you no longer benefit from static analysis tools which find uninitialized values. gcc's -Wall and valgrind will find code that uses uninitialized values more comprehensively than default initializing to 0.","Yes, but I would advise the course to adopt a preexisting and popular coding style, since it will likely have a comprehensive linter and its style will better match real world projects.",""
"2020/12/05 5:18:43 PM EST","Strongly Agree","Strongly Agree","Strongly Agree","Agree","Neutral","Agree","Strongly Agree","Disagree","Neutral","Neutral","","Most of the code standard is fine, however there are some extremely picky aspects of it. For example, sometimes the need for ""#define"" can make things more clunky when we are just using something as a flag or if we know the exact length of something. I also think the code standard was a little harsh when put into our final course grade. I felt like I had a lot of unnecessary points taken off for very small/subjective things that didn't really contribute to the readability of my code. I understand needing a code standard, but it felt like there was too much emphasis on it in my grade.","I think a code standard is useful since some people end up writing convoluted code, but maybe not as strict as this course.",""
"2020/12/05 7:22:07 PM EST","Strongly Agree","Strongly Agree","Neutral","Agree","Disagree","Strongly Agree","Strongly Agree","Strongly Disagree","Agree","Disagree","It would be nice if it could check for numbers not 0 or 1 that might indicate the use of an embedded constant","I found the code standard to be my lowest scoring part of the homework, but it does help build good habits on principle.","Yes, but I prefer it not weighted heavily and would want the linter.","It would be nice if the TAs were more familiar with the code standard, because it was somewhat confusing early on."
"2020/12/06 3:17:37 PM EST","Agree","Strongly Agree","Strongly Agree","Agree","Neutral","Neutral","Neutral","Neutral","Neutral","Neutral","","I think that comments should not need to be followed by an empty line, especially when it is a comment that is specifically explaining what the following line of code is doing.","",""
"2020/12/06 5:59:33 PM EST","Strongly Agree","Strongly Agree","Agree","Agree","Disagree","Agree","Strongly Agree","Agree","Agree","Agree","Majority of my mistakes with coding standard were with scope. I don't know if this is possible to catch within Linter, but it would have been extremely helpful when I didn't catch those mistakes myself. Overall, it was very helpful with little syntax mistakes and I really appreciated the tool.","Things like counting off for trailing whitespace in comments seems unnecessary.","Code standards are helpful in structuring code if someone is brand new to coding and doesn't have their own style developed yet. ",""
"2020/12/06 6:33:40 PM EST","Disagree","Agree","Neutral","Agree","Agree","Strongly Agree","Agree","Disagree","Agree","Neutral","","","",""
"2020/12/06 6:40:49 PM EST","Disagree","Agree","Disagree","Neutral","Strongly Disagree","Strongly Disagree","Agree","Disagree","Strongly Disagree","Strongly Disagree","","","",""
"2020/12/06 7:25:28 PM EST","Strongly Agree","Strongly Agree","Strongly Agree","Strongly Agree","Neutral","Strongly Agree","Strongly Agree","Agree","Strongly Agree","Strongly Agree","Fix lexical errror","None","Yes, helps diagnose bugs","Fix lexical error"
"2020/12/06 8:22:54 PM EST","Agree","Strongly Agree","Strongly Agree","Agree","Disagree","Agree","Strongly Agree","Neutral","Strongly Agree","Strongly Agree","I would increase the maximum character count per line.  Sometimes needing to wrap conditional statements and long variable names made the code less readable, in my opinion.","","I believe having a well-defined set of guidelines is essential to writing good, readable code in general, so yes, I would be in favor.",""
"2020/12/07 12:00:18 AM EST","Disagree","Disagree","Disagree","Agree","Disagree","Agree","Strongly Disagree","Strongly Disagree","Agree","Agree","It would be great if all the code standard errors except the descriptive names is included in the linter, so it becomes easier for us to get the code standard correct.","N/A","Yes I am in favour because it improves our code quality.","N/A"
"2020/12/07 12:51:30 PM EST","Disagree","Disagree","Disagree","Disagree","Disagree","Disagree","Disagree","Strongly Disagree","Strongly Disagree","Disagree","Can linter from any directory (pain to move all files during project)","it's too specific, redundant and above all its too preferential. ","NO. i would like to be able to code without losing homework points because someone didn't like my underscore in a variable name or that it has a capital letter or that the name doesn't make sense like i'm supposed to be so detailed with it.","Yeah code standard is too much of a big deal. Minimise your expectations"
"2020/12/07 8:24:43 PM EST","Agree","Strongly Agree","Disagree","Agree","Neutral","Neutral","Neutral","Disagree","Agree","Neutral","","The code standard seemed consistently strict for the homework assignments, making it very difficult to get full credit. It was especially frustrating the number of times I was marked down for ""scope"" for having declared a variable only a few lines before its use. It would be much better to ease restrictions on some code standards when grading. ","Yes, it helps to keep code formatted consistently.",""
"2020/12/08 4:18:47 AM EST","Strongly Agree","Agree","Neutral","Neutral","Disagree","Agree","Neutral","Disagree","Neutral","Agree","I would still run into issues with code standard even after checking linter. I would also say linter suggestions if possible would be ideal.","I don't really see why there should be spaces between operator tbh","Not really, because I feel like my code is pretty readable by itself, and by adding code standard its just a bit of nit-pickyness.",""